domain,time_bin,time_bin_order,size_bin,size_bin_order,n_trades,n_yes,n_no,slope_b,intercept_a,slope_stderr,mean_price,median_price,mu_tau,alpha_d,beta_d_tau,gamma_d_s,fitted_theta,residual
Crypto,0-1h,1,Single,1,624783,329761,295022,1.0363390412089286,0.01313024013544,0.0027978386188059,52.48743323681983,52.0,0.9873524512632972,0.0043084532145301,0.0229861756028845,-0.0540061484821755,0.960640931598536,0.0756981096103924
Crypto,0-1h,1,Small,2,1447956,672988,774968,1.0202186812183636,-0.0431617250675095,0.0008109024756998,46.74034060013389,52.0,0.9873524512632972,0.0043084532145301,0.0229861756028845,0.0061606137540242,1.020807693834736,-0.0005890126163723
Crypto,0-1h,1,Medium,3,1960893,907594,1053299,1.013146958066813,-0.0466705341256005,0.0002438452008531,46.98462010153697,51.0,0.9873524512632972,0.0043084532145301,0.0229861756028845,0.0244367040779598,1.0390837841586715,-0.0259368260918584
Crypto,0-1h,1,Large,4,1004894,456983,547911,0.9888836398287418,-0.0332136133887094,0.0001041881847055,46.29826043320382,52.0,0.9873524512632972,0.0043084532145301,0.0229861756028845,0.0234088306501914,1.038055910730903,-0.0491722709021612
Crypto,1-3h,2,Single,1,8560,3319,5241,0.9166656446931366,-0.1513495424090076,0.0241005045079793,41.05969626168224,46.0,0.9607234496134276,0.0043084532145301,0.0424802180204869,-0.0540061484821755,0.9535059723662692,-0.0368403276731326
Crypto,1-3h,2,Small,2,26148,10544,15604,1.1001768542038948,-0.1440401393625804,0.0061202195176143,42.38800625248241,48.0,0.9607234496134276,0.0043084532145301,0.0424802180204869,0.0061606137540242,1.013672734602469,0.0865041196014257
Crypto,1-3h,2,Medium,3,73394,26542,46852,0.999365617473654,-0.2433519578037007,0.0011721164435757,40.194587914699454,49.0,0.9607234496134276,0.0043084532145301,0.0424802180204869,0.0244367040779598,1.0319488249264046,-0.0325832074527505
Crypto,1-3h,2,Large,4,65347,23647,41700,1.013840367023093,-0.2753149468720754,0.0003930324280841,41.01145928417593,48.0,0.9607234496134276,0.0043084532145301,0.0424802180204869,0.0234088306501914,1.0309209514986362,-0.017080584475543
Crypto,3-6h,3,Single,1,6673,2664,4009,1.019903261971214,-0.2586675838260199,0.028016106648685,44.59238723212948,44.0,0.9692518828204472,0.0043084532145301,0.0821506760354171,-0.0540061484821755,1.001704863588219,0.0181983983829949
Crypto,3-6h,3,Small,2,23987,9426,14561,1.085916852833237,-0.0030757159914713,0.0060248640412712,39.44428781053563,44.0,0.9692518828204472,0.0043084532145301,0.0821506760354171,0.0061606137540242,1.0618716258244187,0.0240452270088182
Crypto,3-6h,3,Medium,3,69369,25627,43742,1.050526203999418,-0.087862068349014,0.0011922186698481,38.62218001249363,45.0,0.9692518828204472,0.0043084532145301,0.0821506760354171,0.0244367040779598,1.0801477161483544,-0.0296215121489364
Crypto,3-6h,3,Large,4,57624,22994,34630,1.0664977294777094,0.0225231462295072,0.0004239747349731,40.07761720470072,44.0,0.9692518828204472,0.0043084532145301,0.0821506760354171,0.0234088306501914,1.079119842720586,-0.0126221132428765
Crypto,6-12h,4,Single,1,6161,2488,3673,0.9068638948609904,-0.2651246948904306,0.0284206581473048,45.25661418600877,45.0,1.009973056225284,0.0043084532145301,-0.0683496697397629,-0.0540061484821755,0.8919256912178757,0.0149382036431146
Crypto,6-12h,4,Small,2,21324,7763,13561,0.882651777116627,-0.2287507917327536,0.005585415707411,37.56535151332209,43.0,1.009973056225284,0.0043084532145301,-0.0683496697397629,0.0061606137540242,0.9520924534540754,-0.0694406763374484
Crypto,6-12h,4,Medium,3,57215,20600,36615,0.9838017388403564,-0.1269400621766807,0.0012177482000837,38.41977779716415,45.0,1.009973056225284,0.0043084532145301,-0.0683496697397629,0.0244367040779598,0.9703685437780112,0.0134331950623453
Crypto,6-12h,4,Large,4,47177,17398,29779,1.0104099479822315,-0.1329965318760976,0.0004364224366817,39.00194960308512,43.0,1.009973056225284,0.0043084532145301,-0.0683496697397629,0.0234088306501914,0.9693406703502429,0.0410692776319887
Crypto,12-24h,5,Single,1,9108,3229,5879,0.8275580413441017,-0.3171403782630549,0.022110249017753,40.553798858146685,47.0,1.0033074188608255,0.0043084532145301,-0.0585374800488935,-0.0540061484821755,0.8950722435442865,-0.0675142022001847
Crypto,12-24h,5,Small,2,28172,10158,18014,0.9433537069039948,-0.1170020114382853,0.0052697395382919,36.81325081907536,46.0,1.0033074188608255,0.0043084532145301,-0.0585374800488935,0.0061606137540242,0.9552390057804864,-0.0118852988764914
Crypto,12-24h,5,Medium,3,64429,21930,42499,1.0227181427050809,-0.1070876565157555,0.0012977824170534,35.89453933880636,49.0,1.0033074188608255,0.0043084532145301,-0.0585374800488935,0.0244367040779598,0.973515096104422,0.0492030466006589
Crypto,12-24h,5,Large,4,34973,12428,22545,1.0026836771526713,-0.1411609264779667,0.00059380889712,36.0447482984571,47.0,1.0033074188608255,0.0043084532145301,-0.0585374800488935,0.0234088306501914,0.9724872226766536,0.0301964544760177
Crypto,24-48h,6,Single,1,2678,1623,1055,0.8834246856723746,0.0247483440888521,0.04605449567398,61.090739357729646,62.0,1.0393367311582364,0.0043084532145301,0.0875627399583702,-0.0540061484821755,1.0772017758489614,-0.1937770901765867
Crypto,24-48h,6,Small,2,6651,4106,2545,1.172518548544023,0.3063576727683254,0.0137359981856525,58.07278407775978,55.0,1.0393367311582364,0.0043084532145301,0.0875627399583702,0.0061606137540242,1.137368538085161,0.035150010458862
Crypto,24-48h,6,Medium,3,10366,7015,3351,1.2651909006886155,0.2864856374753928,0.0038562818804213,57.66083191450016,58.0,1.0393367311582364,0.0043084532145301,0.0875627399583702,0.0244367040779598,1.1556446284090969,0.1095462722795188
Crypto,24-48h,6,Large,4,5726,3702,2024,1.2036975624195343,0.4127587353177441,0.0012939857922724,60.08421065163684,59.0,1.0393367311582364,0.0043084532145301,0.0875627399583702,0.0234088306501914,1.1546167549813282,0.049080807438206
Crypto,2d-1w,7,Single,1,5297,3827,1470,0.9027144857161368,0.9093267239543946,0.0367196395840114,54.941098735133096,52.5,1.12591542401179,0.0043084532145301,-0.1328803602078923,-0.0540061484821755,0.943337368536252,-0.0406228828201151
Crypto,2d-1w,7,Small,2,14493,9846,4647,0.8841077587776034,0.8360356484487387,0.0087021041781565,54.28203953712632,50.0,1.12591542401179,0.0043084532145301,-0.1328803602078923,0.0061606137540242,1.0035041307724517,-0.1193963719948483
Crypto,2d-1w,7,Medium,3,27122,19182,7940,1.0559247313229794,0.8644313643237572,0.0024162547828477,55.014849292104365,52.0,1.12591542401179,0.0043084532145301,-0.1328803602078923,0.0244367040779598,1.0217802210963876,0.0341445102265918
Crypto,2d-1w,7,Large,4,13465,9433,4032,1.1466270922569912,1.3065151842809648,0.0010075018964942,53.77577896814404,53.0,1.12591542401179,0.0043084532145301,-0.1328803602078923,0.0234088306501914,1.020752347668619,0.1258747445883721
Crypto,1w-1mo,8,Single,1,7315,4120,3195,1.010614660632246,0.5685290906462521,0.027333831295186,45.657826384142176,47.0,1.215470574576363,0.0043084532145301,-0.2311175002173154,-0.0540061484821755,0.9346553790914022,0.0759592815408439
Crypto,1w-1mo,8,Small,2,25056,12455,12601,0.8592545070013746,0.174536758437295,0.0056218557365305,44.12769356765973,45.0,1.215470574576363,0.0043084532145301,-0.2311175002173154,0.0061606137540242,0.994822141327602,-0.1355676343262273
Crypto,1w-1mo,8,Medium,3,38323,17138,21185,0.9795970744074378,0.044615954310746,0.0017562395625544,42.25558407661861,43.0,1.215470574576363,0.0043084532145301,-0.2311175002173154,0.0244367040779598,1.0130982316515376,-0.0335011572440997
Crypto,1w-1mo,8,Large,4,18912,8128,10784,1.1051798682532523,0.2671632281648814,0.0006251907691251,44.18979151244931,43.0,1.215470574576363,0.0043084532145301,-0.2311175002173154,0.0234088306501914,1.0120703582237691,0.0931095100294834
Crypto,1mo+,9,Single,1,16584,12003,4581,1.678662511586835,1.6672138103546406,0.0287219904263775,48.87077906415823,43.0,1.318694496565101,0.0043084532145301,0.2557052005967055,-0.0540061484821755,1.5247020018941613,0.1539605096926737
Crypto,1mo+,9,Small,2,39791,28738,11053,1.7760484012126432,1.5648767608865486,0.0086540926508836,50.59505270723527,43.0,1.318694496565101,0.0043084532145301,0.2557052005967055,0.0061606137540242,1.584868764130361,0.1911796370822822
Crypto,1mo+,9,Medium,3,42123,27712,14411,1.5184605332228271,1.2045683362194342,0.0022491559919811,47.4343646807119,43.0,1.318694496565101,0.0043084532145301,0.2557052005967055,0.0244367040779598,1.6031448544542966,-0.0846843212314694
Crypto,1mo+,9,Large,4,18767,11717,7050,1.3416611554830415,1.422287658318348,0.0007395584175391,44.35949646082769,42.0,1.318694496565101,0.0043084532145301,0.2557052005967055,0.0234088306501914,1.602116981026528,-0.2604558255434865
Entertainment,0-1h,1,Single,1,2049,981,1068,0.8517486456155992,-0.1294130874647955,0.0386473386341032,50.20741825280625,54.0,0.9873524512632972,-0.0856622135956969,-0.0224055460177002,-0.0139453300266347,0.8653393616232652,-0.013590716007666
Entertainment,0-1h,1,Small,2,7308,3505,3803,0.9798509390482478,-0.1074169778079848,0.0095329256182848,49.54295532646048,48.0,0.9873524512632972,-0.0856622135956969,-0.0224055460177002,0.0455858868431846,0.9248705784930846,0.0549803605551632
Entertainment,0-1h,1,Medium,3,15097,7135,7962,0.8881724743227704,-0.0518827523238932,0.0022058252180708,47.72138945670292,46.0,0.9873524512632972,-0.0856622135956969,-0.0224055460177002,0.0032519781288682,0.8825366697787682,0.0056358045440021
Entertainment,0-1h,1,Large,4,7014,3475,3539,0.7973667076129821,0.1097884124470798,0.000898772533165,51.21453106915588,48.0,0.9873524512632972,-0.0856622135956969,-0.0224055460177002,-0.0348925349454182,0.8443921567044818,-0.0470254490914996
Entertainment,1-3h,2,Single,1,3151,1383,1768,0.9526705111600818,-0.3780258008785606,0.0353448002538911,50.3240241193272,51.0,0.9607234496134276,-0.0856622135956969,0.1503218332001711,-0.0139453300266347,1.011437739191267,-0.0587672280311851
Entertainment,1-3h,2,Small,2,12313,5391,6922,1.109417709069086,-0.2192959086921087,0.0084171018517598,48.316727328939415,47.0,0.9607234496134276,-0.0856622135956969,0.1503218332001711,0.0455858868431846,1.0709689560610864,0.0384487530079995
Entertainment,1-3h,2,Medium,3,23451,10239,13212,1.023265731224822,-0.1825145903361741,0.0020604537467281,46.65248207365679,45.0,0.9607234496134276,-0.0856622135956969,0.1503218332001711,0.0032519781288682,1.02863504734677,-0.0053693161219481
Entertainment,1-3h,2,Large,4,8652,3870,4782,1.0161783254176169,-0.2207688042728609,0.0010098811292526,48.84766050668031,45.0,0.9607234496134276,-0.0856622135956969,0.1503218332001711,-0.0348925349454182,0.9904905342724836,0.0256877911451333
Entertainment,3-6h,3,Single,1,3706,1596,2110,1.0772155925011924,-0.2895825812878185,0.0346747418574195,47.52374527792769,45.0,0.9692518828204472,-0.0856622135956969,0.162431465667784,-0.0139453300266347,1.0320758048658991,0.045139787635293
Entertainment,3-6h,3,Small,2,12114,5257,6857,1.075304738938526,-0.2930528856710473,0.0086615672343062,48.04138276848656,43.0,0.9692518828204472,-0.0856622135956969,0.162431465667784,0.0455858868431846,1.0916070217357188,-0.0163022827971928
Entertainment,3-6h,3,Medium,3,22985,9562,13423,1.0463438732779795,-0.2272618618015665,0.0021921089757153,45.38218663653789,41.0,0.9692518828204472,-0.0856622135956969,0.162431465667784,0.0032519781288682,1.0492731130214024,-0.0029292397434228
Entertainment,3-6h,3,Large,4,9020,4110,4910,0.9852203348524392,0.0563955010553971,0.0010070296997341,46.90144861754958,40.0,0.9692518828204472,-0.0856622135956969,0.162431465667784,-0.0348925349454182,1.0111285999471158,-0.0259082650946764
Entertainment,6-12h,4,Single,1,9239,4375,4864,0.928700249964822,-0.0030040284907682,0.0193643502303877,47.30143954973482,49.0,1.009973056225284,-0.0856622135956969,0.0198623259834156,-0.0139453300266347,0.9302278385863678,-0.0015275886215458
Entertainment,6-12h,4,Small,2,33139,14327,18812,0.9785631860834108,-0.1472646210016641,0.0046503620906526,45.78635839138425,46.0,1.009973056225284,-0.0856622135956969,0.0198623259834156,0.0455858868431846,0.9897590554561873,-0.0111958693727765
Entertainment,6-12h,4,Medium,3,53469,24532,28937,0.962542116981714,-0.0256440248431765,0.0012477321495175,46.74495957547597,44.0,1.009973056225284,-0.0856622135956969,0.0198623259834156,0.0032519781288682,0.9474251467418708,0.015116970239843
Entertainment,6-12h,4,Large,4,18500,8689,9811,0.906887121422064,0.119968732521451,0.0006261327949051,46.04198513902728,43.0,1.009973056225284,-0.0856622135956969,0.0198623259834156,-0.0348925349454182,0.9092806336675844,-0.0023935122455204
Entertainment,12-24h,5,Single,1,13773,6344,7429,0.9308650454650348,-0.2805145773932054,0.0168733284977516,51.050678864444926,50.0,1.0033074188608255,-0.0856622135956969,0.0265330286309918,-0.0139453300266347,0.9302329038694857,0.0006321415955491
Entertainment,12-24h,5,Small,2,50657,22608,28049,1.030654260153956,-0.2646223231658819,0.0041003603818229,49.5730526389228,48.0,1.0033074188608255,-0.0856622135956969,0.0265330286309918,0.0455858868431846,0.989764120739305,0.0408901394146509
Entertainment,12-24h,5,Medium,3,81089,36997,44092,0.9513129455775476,-0.1870366282483063,0.0010839463370086,49.3327338387612,46.0,1.0033074188608255,-0.0856622135956969,0.0265330286309918,0.0032519781288682,0.9474302120249886,0.003882733552559
Entertainment,12-24h,5,Large,4,22913,10771,12142,0.8638806843879434,0.0246208040003597,0.0005881380820226,48.89035043671829,45.0,1.0033074188608255,-0.0856622135956969,0.0265330286309918,-0.0348925349454182,0.909285698950702,-0.0454050145627586
Entertainment,24-48h,6,Single,1,10632,5160,5472,0.972567501171534,-0.2173680177294389,0.0192956954174475,52.22357035364936,53.0,1.0393367311582364,-0.0856622135956969,-0.0399478006811777,-0.0139453300266347,0.8997813868547269,0.0727861143168071
Entertainment,24-48h,6,Small,2,31955,15325,16630,0.984466564873022,-0.1870684786591298,0.0051307764937697,51.15220186911457,49.0,1.0393367311582364,-0.0856622135956969,-0.0399478006811777,0.0455858868431846,0.9593126037245464,0.0251539611484757
Entertainment,24-48h,6,Medium,3,43076,20076,23000,0.8571737767522332,-0.116830750359859,0.0013696512725191,48.53852956089412,47.0,1.0393367311582364,-0.0856622135956969,-0.0399478006811777,0.0032519781288682,0.91697869501023,-0.0598049182579967
Entertainment,24-48h,6,Large,4,12617,6113,6504,0.8406990247286574,0.1672267508402027,0.0007481296687625,47.018716772339616,46.0,1.0393367311582364,-0.0856622135956969,-0.0399478006811777,-0.0348925349454182,0.8788341819359434,-0.038135157207286
Entertainment,2d-1w,7,Single,1,44290,19034,25256,0.9821127294662204,-0.2066336569515582,0.0100373871096458,46.54226687739896,50.0,1.12591542401179,-0.0856622135956969,-0.0169141068728341,-0.0139453300266347,1.0093937735166238,-0.0272810440504035
Entertainment,2d-1w,7,Small,2,110079,51428,58651,0.9915215921176364,-0.0616980638668104,0.0028257956975377,48.06716440451802,49.0,1.12591542401179,-0.0856622135956969,-0.0169141068728341,0.0455858868431846,1.0689249903864433,-0.0774033982688068
Entertainment,2d-1w,7,Medium,3,144918,68248,76670,1.0372346557033951,-0.0559496997162077,0.0008521964709235,47.665837543239086,49.0,1.12591542401179,-0.0856622135956969,-0.0169141068728341,0.0032519781288682,1.0265910816721269,0.0106435740312682
Entertainment,2d-1w,7,Large,4,68995,32464,36531,1.082487436885783,0.0588158133978542,0.0003818075342106,47.206978943690665,49.0,1.12591542401179,-0.0856622135956969,-0.0169141068728341,-0.0348925349454182,0.9884465685978404,0.0940408682879426
Entertainment,1w-1mo,8,Single,1,26985,10858,16127,1.131611486376749,-0.4869975297727595,0.0155951198274261,48.92232721882528,51.0,1.215470574576363,-0.0856622135956969,0.0027491092663706,-0.0139453300266347,1.118612140220402,0.0129993461563471
Entertainment,1w-1mo,8,Small,2,71810,32048,39762,1.1296392567260434,-0.1725618989966333,0.0040555834148752,48.199773888284064,49.0,1.215470574576363,-0.0856622135956969,0.0027491092663706,0.0455858868431846,1.178143357090221,-0.0485041003641779
Entertainment,1w-1mo,8,Medium,3,99261,43356,55905,1.1789214843841125,-0.257370729527361,0.0012315875102855,46.94914205664111,49.0,1.215470574576363,-0.0856622135956969,0.0027491092663706,0.0032519781288682,1.135809448375905,0.0431120360082073
Entertainment,1w-1mo,8,Large,4,38505,15812,22693,1.0900576535012418,-0.3569711367792535,0.000592128132758,44.93545833283324,49.0,1.215470574576363,-0.0856622135956969,0.0027491092663706,-0.0348925349454182,1.0976649353016183,-0.0076072818003765
Entertainment,1mo+,9,Single,1,8661,3425,5236,0.9060658307725528,-0.2859214838941906,0.0222751675826783,44.52903821729593,46.0,1.318694496565101,-0.0856622135956969,-0.2826303091770212,-0.0139453300266347,0.936456643765748,-0.0303908129931951
Entertainment,1mo+,9,Small,2,31606,12735,18871,0.9899202973122324,-0.2545362130424091,0.0053385810536082,44.69626742793602,45.0,1.318694496565101,-0.0856622135956969,-0.2826303091770212,0.0455858868431846,0.9959878606355674,-0.006067563323335
Entertainment,1mo+,9,Medium,3,53250,20195,33055,0.9433663076687396,-0.1986526444767377,0.0014568446277025,40.94651400596813,44.0,1.318694496565101,-0.0856622135956969,-0.2826303091770212,0.0032519781288682,0.953653951921251,-0.0102876442525114
Entertainment,1mo+,9,Large,4,22844,7937,14907,0.9622554594160068,-0.2929660403459945,0.0007456085540291,37.489167872582,42.0,1.318694496565101,-0.0856622135956969,-0.2826303091770212,-0.0348925349454182,0.9155094388469646,0.046746020569042
Finance,0-1h,1,Single,1,135300,67056,68244,1.0723085233780183,-0.0258769104038995,0.0068504183128689,50.025683665927566,50.0,0.9873524512632972,0.005924421334127,0.0289563616887505,0.0190369092259526,1.0412701435121272,0.031038379865891
Finance,0-1h,1,Small,2,296062,143612,152450,1.055537247171818,-0.0504759902446668,0.0018265402418511,49.1596361716644,51.0,0.9873524512632972,0.005924421334127,0.0289563616887505,0.0108846292783751,1.0331178635645497,0.0224193836072683
Finance,0-1h,1,Medium,3,375238,179150,196088,1.012236389426085,-0.029219105136903,0.0005549103382943,48.572313257054105,50.0,0.9873524512632972,0.005924421334127,0.0289563616887505,-0.0083206300302033,1.0139126042559714,-0.0016762148298863
Finance,0-1h,1,Large,4,162082,76744,85338,0.9488507771687772,0.0099186591421272,0.0001964298322991,48.09819298630902,51.0,0.9873524512632972,0.005924421334127,0.0289563616887505,-0.0216009084741244,1.0006323258120502,-0.0517815486432728
Finance,1-3h,2,Single,1,52898,22081,30817,1.0992738343579729,-0.0651034797754075,0.0112325171557161,43.32160006049378,46.0,0.9607234496134276,0.005924421334127,0.1019159594170464,0.0190369092259526,1.0876007395905536,0.0116730947674192
Finance,1-3h,2,Small,2,145271,58370,86901,1.0424934240133668,0.0121332278728311,0.0027319471486325,39.75911131618986,48.0,0.9607234496134276,0.005924421334127,0.1019159594170464,0.0108846292783751,1.079448459642976,-0.0369550356296093
Finance,1-3h,2,Medium,3,274405,109089,165316,1.0632111951846712,0.0305361074813728,0.000696758109726,38.76745146845816,48.0,0.9607234496134276,0.005924421334127,0.1019159594170464,-0.0083206300302033,1.0602432003343978,0.0029679948502734
Finance,1-3h,2,Large,4,140502,50685,89817,1.069276867902393,-0.0141290711447988,0.0003184649617803,38.62586752397716,47.0,0.9607234496134276,0.005924421334127,0.1019159594170464,-0.0216009084741244,1.0469629218904766,0.0223139460119163
Finance,3-6h,3,Single,1,68911,26237,42674,0.9958455618395538,-0.086060661608364,0.0094044873092262,39.65461247115845,43.0,0.9692518828204472,0.005924421334127,0.0370929569602009,0.0190369092259526,1.0313061703407278,-0.035460608501174
Finance,3-6h,3,Small,2,173546,64936,108610,1.0118105969666005,-0.0017603598030666,0.0025779490979853,36.35048201219349,45.0,0.9692518828204472,0.005924421334127,0.0370929569602009,0.0108846292783751,1.0231538903931503,-0.01134329342655
Finance,3-6h,3,Medium,3,355026,127951,227075,1.013692790012822,0.0161815896286564,0.000594463404842,34.71150101954671,47.0,0.9692518828204472,0.005924421334127,0.0370929569602009,-0.0083206300302033,1.003948631084572,0.0097441589282498
Finance,3-6h,3,Large,4,217996,67092,150904,1.0277280956401251,0.0112619875832788,0.0002761322697919,33.345879243181834,45.0,0.9692518828204472,0.005924421334127,0.0370929569602009,-0.0216009084741244,0.9906683526406508,0.0370597429994745
Finance,6-12h,4,Single,1,25687,10448,15239,1.001377721043265,0.0721049694038748,0.0146160771530386,39.36508739829485,40.0,1.009973056225284,0.005924421334127,-0.0238196418896195,0.0190369092259526,1.0111147448957445,-0.0097370238524792
Finance,6-12h,4,Small,2,66886,26138,40748,1.0125338204404672,0.0384667745226415,0.0038819523276421,37.627005299447895,42.0,1.009973056225284,0.005924421334127,-0.0238196418896195,0.0108846292783751,1.0029624649481668,0.0095713554923004
Finance,6-12h,4,Medium,3,130856,45612,85244,0.9921871937589148,0.0479259606621533,0.0009482802820765,32.75815913279018,43.0,1.009973056225284,0.005924421334127,-0.0238196418896195,-0.0083206300302033,0.9837572056395884,0.0084299881193264
Finance,6-12h,4,Large,4,77891,23240,54651,0.9622126074365192,-0.0511815509090404,0.0004025352143793,34.18463288702382,43.0,1.009973056225284,0.005924421334127,-0.0238196418896195,-0.0216009084741244,0.9704769271956672,-0.008264319759148
Finance,12-24h,5,Single,1,9365,3755,5610,1.0697197746886935,0.0520371573032728,0.0242476251108707,39.63214095034704,41.0,1.0033074188608255,0.005924421334127,-0.0124555671047282,0.0190369092259526,1.0158131823161771,0.0539065923725163
Finance,12-24h,5,Small,2,34464,12272,22192,0.9622535898172824,-0.1475144171955018,0.004917007022593,37.07789106546575,44.0,1.0033074188608255,0.005924421334127,-0.0124555671047282,0.0108846292783751,1.0076609023685996,-0.0454073125513173
Finance,12-24h,5,Medium,3,54716,18289,36427,0.9685918579145306,-0.0941137114242514,0.0013526120599336,34.76240694661996,45.0,1.0033074188608255,0.005924421334127,-0.0124555671047282,-0.0083206300302033,0.9884556430600212,-0.0198637851454904
Finance,12-24h,5,Large,4,29671,9131,20540,0.986539869940391,-0.1797595150783748,0.0004611358077354,39.56836548616268,45.0,1.0033074188608255,0.005924421334127,-0.0124555671047282,-0.0216009084741244,0.9751753646161,0.011364505324291
Finance,24-48h,6,Single,1,5163,1667,3496,0.8264725556912565,-0.3219081289188236,0.0255490706064942,36.1034282393957,39.0,1.0393367311582364,0.005924421334127,-0.1639965316811802,0.0190369092259526,0.900301530037136,-0.0738289743458794
Finance,24-48h,6,Small,2,15653,5641,10012,0.9602305747535496,-0.22244880314516,0.006681017199966,40.21357436674605,43.0,1.0393367311582364,0.005924421334127,-0.1639965316811802,0.0108846292783751,0.8921492500895585,0.0680813246639912
Finance,24-48h,6,Medium,3,27491,9448,18043,0.9357657839067316,-0.2540859953596977,0.0017449269701115,37.39704255372345,45.0,1.0393367311582364,0.005924421334127,-0.1639965316811802,-0.0083206300302033,0.8729439907809801,0.0628217931257515
Finance,24-48h,6,Large,4,15937,5129,10808,0.8025895688931951,-0.3182652119969738,0.0005446462392344,38.78498708380394,43.0,1.0393367311582364,0.005924421334127,-0.1639965316811802,-0.0216009084741244,0.859663712337059,-0.0570741434438638
Finance,2d-1w,7,Single,1,20269,5039,15230,1.2749422693959396,-0.6352738720608878,0.0175924390914464,33.55256796092555,44.0,1.12591542401179,0.005924421334127,-0.0111815105159135,0.0190369092259526,1.139695244055956,0.1352470253399835
Finance,2d-1w,7,Small,2,50897,16959,33938,1.0577341279051666,-0.4065586707654808,0.003905458083715,39.96529270964339,45.0,1.12591542401179,0.005924421334127,-0.0111815105159135,0.0108846292783751,1.1315429641083783,-0.0738088362032118
Finance,2d-1w,7,Medium,3,91876,29125,62751,1.0873400096440269,-0.3897670262919043,0.0010508518300944,36.96181171667413,46.0,1.12591542401179,0.005924421334127,-0.0111815105159135,-0.0083206300302033,1.1123377047998002,-0.0249976951557735
Finance,2d-1w,7,Large,4,57463,13861,43602,1.0626169323748809,-0.4341433202362286,0.0003572033532153,33.857574087531866,46.0,1.12591542401179,0.005924421334127,-0.0111815105159135,-0.0216009084741244,1.099057426355879,-0.0364404939809981
Finance,1w-1mo,8,Single,1,30426,14799,15627,1.4992435514848557,-0.33672198659502,0.0164928374535549,52.60793400381253,49.0,1.215470574576363,0.005924421334127,0.1851503174514004,0.0190369092259526,1.4255822225878432,0.0736613288970124
Finance,1w-1mo,8,Small,2,98334,45450,52884,1.3818488864467835,-0.2967173945496892,0.0035677041186156,50.60489807301789,49.0,1.215470574576363,0.005924421334127,0.1851503174514004,0.0108846292783751,1.4174299426402657,-0.0355810561934821
Finance,1w-1mo,8,Medium,3,148820,64479,84341,1.3102353002077145,-0.4722819999172701,0.0009945032219765,49.03417724362238,49.0,1.215470574576363,0.005924421334127,0.1851503174514004,-0.0083206300302033,1.3982246833316874,-0.087989383123973
Finance,1w-1mo,8,Large,4,76635,33117,43518,1.4348535153082085,-0.6040292813931961,0.000358772453371,49.75796271520865,49.0,1.215470574576363,0.005924421334127,0.1851503174514004,-0.0216009084741244,1.3849444048877662,0.0499091104204423
Finance,1mo+,9,Single,1,22022,13899,8123,1.0154936682559337,0.3998918733519206,0.0153701563073439,56.0799654890564,47.0,1.318694496565101,0.005924421334127,-0.1416623443259567,0.0190369092259526,1.201993482799224,-0.1864998145432903
Finance,1mo+,9,Small,2,69117,36720,32397,1.296864673092257,0.4502174165943116,0.0040807729823634,48.53069462591755,47.0,1.318694496565101,0.005924421334127,-0.1416623443259567,0.0108846292783751,1.1938412028516463,0.1030234702406105
Finance,1mo+,9,Medium,3,90300,49986,40314,1.2251990867745894,0.6136938272432653,0.0011808864611688,46.71136834215096,47.0,1.318694496565101,0.005924421334127,-0.1416623443259567,-0.0083206300302033,1.1746359435430682,0.0505631432315212
Finance,1mo+,9,Large,4,58846,29890,28956,1.1942688661703056,0.1542611797098109,0.0003119189021325,37.86895292975316,46.0,1.318694496565101,0.005924421334127,-0.1416623443259567,-0.0216009084741244,1.161355665099147,0.0329132010711585
Politics,0-1h,1,Single,1,1536,702,834,0.8388773589303594,-0.208147888176411,0.0455435271374512,49.29752604166666,51.0,0.9873524512632972,0.1559763124021163,-0.0970678767948553,-0.1919296353884279,0.8543312514821302,-0.0154538925517707
Politics,0-1h,1,Small,2,6592,2807,3785,0.929879213780218,-0.1652527045905686,0.0097140131743301,45.04072925775764,50.0,0.9873524512632972,0.1559763124021163,-0.0970678767948553,-0.1222833097618592,0.9239775771086988,0.0059016366715191
Politics,0-1h,1,Medium,3,10806,4857,5949,1.0174019673181232,0.0446065596170444,0.0027416242391522,45.23803935954246,48.0,0.9873524512632972,0.1559763124021163,-0.0970678767948553,-0.0253732228441252,1.0208876640264328,-0.0034856967083096
Politics,0-1h,1,Large,4,5627,2742,2885,1.398885007453532,0.4953843560069592,0.0012156757344677,46.29758947593867,49.0,0.9873524512632972,0.1559763124021163,-0.0970678767948553,0.3395861679944125,1.3858470548649706,0.0130379525885613
Politics,1-3h,2,Single,1,7350,3633,3717,0.8253801684848875,-0.0563156309441355,0.0226917932317147,50.59156462585034,50.0,0.9607234496134276,0.1559763124021163,-0.2218609098264857,-0.1919296353884279,0.7029092168006303,0.1224709516842571
Politics,1-3h,2,Small,2,32107,15202,16905,0.9121089853961368,-0.0579436587489122,0.0049777397441864,48.20121432312124,49.0,0.9607234496134276,0.1559763124021163,-0.2218609098264857,-0.1222833097618592,0.7725555424271989,0.139553442968938
Politics,1-3h,2,Medium,3,48621,23636,24985,0.8967491997071967,0.1454528703901289,0.0013870142944424,47.22199409503028,48.0,0.9607234496134276,0.1559763124021163,-0.2218609098264857,-0.0253732228441252,0.869465629344933,0.0272835703622636
Politics,1-3h,2,Large,4,13756,7307,6449,0.9451170551680116,0.3889555915598699,0.0005799951821528,47.182140998410354,48.0,0.9607234496134276,0.1559763124021163,-0.2218609098264857,0.3395861679944125,1.2344250201834708,-0.2893079650154592
Politics,3-6h,3,Single,1,8994,4716,4278,0.837264385441085,-0.106372160941308,0.021157067411422,55.059484100511455,51.0,0.9692518828204472,0.1559763124021163,-0.0803664201225086,-0.1919296353884279,0.852932139711627,-0.015667754270542
Politics,3-6h,3,Small,2,36339,17811,18528,0.9317162863661173,-0.1262872239478627,0.0049356698340502,52.28606744083264,51.0,0.9692518828204472,0.1559763124021163,-0.0803664201225086,-0.1222833097618592,0.9225784653381957,0.0091378210279217
Politics,3-6h,3,Medium,3,51601,25652,25949,0.9919463772950669,-0.0679300329151897,0.0015216295560237,52.59946838984877,52.0,0.9692518828204472,0.1559763124021163,-0.0803664201225086,-0.0253732228441252,1.0194885522559296,-0.0275421749608627
Politics,3-6h,3,Large,4,13058,7035,6023,1.4185200512979512,0.0575778901112953,0.0009265837856127,51.25662579477492,51.0,0.9692518828204472,0.1559763124021163,-0.0803664201225086,0.3395861679944125,1.3844479430944674,0.0340721082034838
Politics,6-12h,4,Single,1,7860,4172,3688,1.1002170346478477,-0.0131439742544319,0.0265384396769625,53.08422391857506,53.0,1.009973056225284,0.1559763124021163,0.0899451596841536,-0.1919296353884279,1.063964892923126,0.0362521417247216
Politics,6-12h,4,Small,2,32097,15999,16098,1.0971634649042663,-0.0683059897819495,0.0056635989960675,50.87941981244853,52.0,1.009973056225284,0.1559763124021163,0.0899451596841536,-0.1222833097618592,1.1336112185496947,-0.0364477536454281
Politics,6-12h,4,Medium,3,48475,23899,24576,1.158056226920271,-0.0666104657175648,0.001676970106594,50.18789643825629,52.0,1.009973056225284,0.1559763124021163,0.0899451596841536,-0.0253732228441252,1.2305213054674289,-0.0724650785471576
Politics,6-12h,4,Large,4,16456,7497,8959,1.6681413867738308,-0.1015823925486106,0.0010395246160531,39.23973214494973,52.0,1.009973056225284,0.1559763124021163,0.0899451596841536,0.3395861679944125,1.5954806963059665,0.0726606904678643
Politics,12-24h,5,Single,1,16688,7652,9036,0.8644190424856526,-0.3232398949091296,0.0154633855787652,52.247003835091085,50.0,1.0033074188608255,0.1559763124021163,-0.0260272597190553,-0.1919296353884279,0.9413268361554584,-0.0769077936698059
Politics,12-24h,5,Small,2,65195,27344,37851,0.990810733621868,-0.3555392364306995,0.0037247112475276,48.67807291298185,49.0,1.0033074188608255,0.1559763124021163,-0.0260272597190553,-0.1222833097618592,1.0109731617820272,-0.0201624281601591
Politics,12-24h,5,Medium,3,108433,45670,62763,1.102705916890454,-0.3340182053125365,0.0010666337261161,47.593496665268624,49.0,1.0033074188608255,0.1559763124021163,-0.0260272597190553,-0.0253732228441252,1.1078832486997612,-0.0051773318093071
Politics,12-24h,5,Large,4,39735,16106,23629,1.5750901931775714,-0.4859784753601569,0.0006149066807622,41.580416211080525,50.0,1.0033074188608255,0.1559763124021163,-0.0260272597190553,0.3395861679944125,1.472842639538299,0.1022475536392724
Politics,24-48h,6,Single,1,11446,5874,5572,0.9854927782469062,0.0961523123537355,0.0196943834916253,49.617158832780014,49.0,1.0393367311582364,0.1559763124021163,0.0320539957488981,-0.1919296353884279,1.035437403920823,-0.0499446256739167
Politics,24-48h,6,Small,2,41698,21389,20309,1.1010515786332675,0.0900902411925488,0.0047151727857882,50.09946329497374,49.0,1.0393367311582364,0.1559763124021163,0.0320539957488981,-0.1222833097618592,1.1050837295473916,-0.0040321509141241
Politics,24-48h,6,Medium,3,67100,32743,34357,1.2476271811196142,-0.0398955521903418,0.0014220046787687,48.68500900546831,49.0,1.0393367311582364,0.1559763124021163,0.0320539957488981,-0.0253732228441252,1.2019938164651256,0.0456333646544886
Politics,24-48h,6,Large,4,29078,13168,15910,1.575296619237216,-0.3619405540446449,0.0006898892051729,45.77223830016585,50.0,1.0393367311582364,0.1559763124021163,0.0320539957488981,0.3395861679944125,1.5669532073036634,0.0083434119335525
Politics,2d-1w,7,Single,1,42196,20600,21596,1.0879427650655702,-0.1952465716222493,0.0106434872674101,51.8786614845009,49.0,1.12591542401179,0.1559763124021163,0.0918583273761929,-0.1919296353884279,1.1818204284016711,-0.0938776633361009
Politics,2d-1w,7,Small,2,125717,55667,70050,1.1405228320772374,-0.2259769839617356,0.0028739311248692,47.777036678728834,49.0,1.12591542401179,0.1559763124021163,0.0918583273761929,-0.1222833097618592,1.2514667540282398,-0.1109439219510024
Politics,2d-1w,7,Medium,3,187662,82482,105180,1.368544168790924,-0.1578214341108788,0.0009372000077692,46.04802146153376,49.0,1.12591542401179,0.1559763124021163,0.0918583273761929,-0.0253732228441252,1.3483768409459738,0.0201673278449503
Politics,2d-1w,7,Large,4,109561,43643,65918,1.897990489226665,-0.3354521337703487,0.0003929916380003,41.680556949577095,49.0,1.12591542401179,0.1559763124021163,0.0918583273761929,0.3395861679944125,1.7133362317845116,0.1846542574421534
Politics,1w-1mo,8,Single,1,76857,44133,32724,1.535153634750564,0.3380240763704911,0.0106718490333452,52.539456393041625,45.0,1.215470574576363,0.1559763124021163,0.2216652130092243,-0.1919296353884279,1.4011824645992756,0.1339711701512882
Politics,1w-1mo,8,Small,2,211383,110415,100968,1.4781816096311615,0.2819963010577742,0.0026723959878311,48.65264299647484,46.0,1.215470574576363,0.1559763124021163,0.2216652130092243,-0.1222833097618592,1.4708287902258443,0.0073528194053174
Politics,1w-1mo,8,Medium,3,302794,155252,147542,1.490096746904248,0.3330856858592607,0.0007589863259117,46.52434897819973,46.0,1.215470574576363,0.1559763124021163,0.2216652130092243,-0.0253732228441252,1.5677388771435783,-0.0776421302393302
Politics,1w-1mo,8,Large,4,190706,90737,99969,1.8690164086648409,0.3038160163313461,0.0002691283264111,45.697324294834935,46.0,1.215470574576363,0.1559763124021163,0.2216652130092243,0.3395861679944125,1.932698267982116,-0.0636818593172752
Politics,1mo+,9,Single,1,84496,38336,46160,1.2316984101650952,0.1466264590180215,0.0084290204190597,43.783350691156976,44.0,1.318694496565101,0.1559763124021163,-0.0102002293555642,-0.1919296353884279,1.2725409442232252,-0.0408425340581299
Politics,1mo+,9,Small,2,258008,117462,140546,1.351827804446812,0.2520575585155067,0.0021814316400392,43.12663689064525,44.0,1.318694496565101,0.1559763124021163,-0.0102002293555642,-0.1222833097618592,1.342187269849794,0.009640534597018
Politics,1mo+,9,Medium,3,804079,362458,441621,1.532325506170793,0.3776431367228399,0.0004915708410889,40.4481512693588,44.0,1.318694496565101,0.1559763124021163,-0.0102002293555642,-0.0253732228441252,1.4390973567675278,0.0932281494032651
Politics,1mo+,9,Large,4,884139,353584,530555,1.7420305976639126,0.2847218360889183,0.0001216941225627,39.22731494276915,44.0,1.318694496565101,0.1559763124021163,-0.0102002293555642,0.3395861679944125,1.8040567476060656,-0.062026149942153
Sports,0-1h,1,Single,1,380143,196958,183185,1.0964623859602045,-0.0042942700160178,0.0035952513688734,51.80322404989701,50.0,0.9873524512632972,0.0092689131455608,0.1077421013207433,-0.0239661528137206,1.0803973129158806,0.0160650730443236
Sports,0-1h,1,Small,2,1674651,791333,883318,1.1085434270659469,-0.0178195399174644,0.0007117939972267,47.19497670066763,49.0,0.9873524512632972,0.0092689131455608,0.1077421013207433,-0.0307538886789691,1.0736095770506322,0.0349338500153144
Sports,0-1h,1,Medium,3,4465923,2040659,2425264,1.1119042626217932,-0.0034727241977557,0.0001525169956344,45.7226375442138,49.0,0.9873524512632972,0.0092689131455608,0.1077421013207433,0.0070120264149357,1.111375492144537,0.0005287704772563
Sports,0-1h,1,Large,4,3461171,1667692,1793479,1.1005437872704609,0.0066035955738161,4.260361025956758e-05,49.87384157107103,49.0,0.9873524512632972,0.0092689131455608,0.1077421013207433,0.047708015077754,1.152071480807355,-0.0515276935368944
Sports,1-3h,2,Single,1,636588,324539,312049,0.9110683991729196,-0.0308690753016334,0.0027517392443,51.68671888254256,50.0,0.9607234496134276,0.0092689131455608,-0.0294549736002244,-0.0239661528137206,0.9165712363450432,-0.0055028371721236
Sports,1-3h,2,Small,2,2715459,1273944,1441515,0.9456988492891348,-0.0379297723405021,0.0005731138488644,47.072325188274775,49.0,0.9607234496134276,0.0092689131455608,-0.0294549736002244,-0.0307538886789691,0.9097835004797948,0.0359153488093401
Sports,1-3h,2,Medium,3,6879602,3070315,3809287,0.9442499575539042,-0.041568609031987,0.0001258500890167,44.76962716795408,48.0,0.9607234496134276,0.0092689131455608,-0.0294549736002244,0.0070120264149357,0.9475494155736996,-0.0032994580197953
Sports,1-3h,2,Large,4,5257834,2400691,2857143,0.9611323506190969,-0.0277607599741911,3.439633654353893e-05,47.71261271155142,48.0,0.9607234496134276,0.0092689131455608,-0.0294549736002244,0.047708015077754,0.988245404236518,-0.0271130536174212
Sports,3-6h,3,Single,1,234429,122892,111537,0.9037914758960588,-0.0401242091756625,0.0052676318616987,53.5417034581899,49.0,0.9692518828204472,0.0092689131455608,-0.0773525737383829,-0.0239661528137206,0.8772020694139046,0.0265894064821542
Sports,3-6h,3,Small,2,1062935,514829,548106,0.9135618064891748,-0.0498288370406554,0.001065938515342,49.19761277837235,47.0,0.9692518828204472,0.0092689131455608,-0.0773525737383829,-0.0307538886789691,0.870414333548656,0.0431474729405186
Sports,3-6h,3,Medium,3,2640162,1226196,1413966,0.8904913616658949,-0.0454093819947885,0.0002414162693427,47.0210096015424,47.0,0.9692518828204472,0.0092689131455608,-0.0773525737383829,0.0070120264149357,0.9081802486425608,-0.0176888869766659
Sports,3-6h,3,Large,4,1740206,816492,923714,0.8968282448593722,-0.0364185824428258,6.424202534908294e-05,49.24562012775787,47.0,0.9692518828204472,0.0092689131455608,-0.0773525737383829,0.047708015077754,0.9488762373053792,-0.0520479924460071
Sports,6-12h,4,Single,1,152165,82651,69514,1.0324494949889518,-0.0439615485045305,0.0070407741901277,55.0857095915618,49.0,1.009973056225284,0.0092689131455608,0.0094472404940657,-0.0239661528137206,1.0047230570511898,0.0277264379377619
Sports,6-12h,4,Small,2,607563,302801,304762,1.0530434126359112,-0.0344681067382712,0.0015199392581207,50.219965454648886,47.0,1.009973056225284,0.0092689131455608,0.0094472404940657,-0.0307538886789691,0.9979353211859414,0.0551080914499697
Sports,6-12h,4,Medium,3,1228964,579939,649025,1.0262148543355478,-0.0430402960298976,0.0003883058764689,47.771853087001816,47.0,1.009973056225284,0.0092689131455608,0.0094472404940657,0.0070120264149357,1.0357012362798463,-0.0094863819442985
Sports,6-12h,4,Large,4,594706,280441,314265,1.0030490774992316,-0.0529581568099821,0.000117393535544,50.347405058238,47.0,1.009973056225284,0.0092689131455608,0.0094472404940657,0.047708015077754,1.0763972249426643,-0.0733481474434329
Sports,12-24h,5,Single,1,126948,69650,57298,1.0633645159766616,-0.0548751108007623,0.007515269129885,55.68167281091471,49.0,1.0033074188608255,0.0092689131455608,0.0448006347169326,-0.0239661528137206,1.0334108139095983,0.0299537020670632
Sports,12-24h,5,Small,2,443417,222119,221298,1.061803348456853,-0.0514104176249469,0.0017198854396048,50.929539941241394,47.0,1.0033074188608255,0.0092689131455608,0.0448006347169326,-0.0307538886789691,1.02662307804435,0.035180270412503
Sports,12-24h,5,Medium,3,831375,391912,439463,1.0506220807361304,-0.0643830195498367,0.000453013033019,48.2939665299011,47.0,1.0033074188608255,0.0092689131455608,0.0448006347169326,0.0070120264149357,1.0643889931382549,-0.0137669124021244
Sports,12-24h,5,Large,4,404933,191822,213111,1.053717921723631,-0.0831418339890866,0.0001378526089072,50.70066595034773,47.0,1.0033074188608255,0.0092689131455608,0.0448006347169326,0.047708015077754,1.105084981801073,-0.051367060077442
Sports,24-48h,6,Single,1,133201,71179,62022,1.0805674868387616,0.0076052563813151,0.0072004937111536,53.09102033768515,48.0,1.0393367311582364,0.0092689131455608,0.0261448391597356,-0.0239661528137206,1.050784330649812,0.0297831561889494
Sports,24-48h,6,Small,2,399442,196528,202914,1.0777502804173649,0.0001964260828136,0.0017213466013738,48.98885140380842,46.0,1.0393367311582364,0.0092689131455608,0.0261448391597356,-0.0307538886789691,1.0439965947845635,0.0337536856328011
Sports,24-48h,6,Medium,3,656469,293172,363297,1.0645186249832097,-0.0180983362773706,0.0004720805701894,44.72755052899409,46.0,1.0393367311582364,0.0092689131455608,0.0261448391597356,0.0070120264149357,1.081762509878469,-0.0172438848952589
Sports,24-48h,6,Large,4,299113,127048,172065,1.0761655416147955,-0.0148540774792813,0.0001463946311986,43.30472991146837,46.0,1.0393367311582364,0.0092689131455608,0.0261448391597356,0.047708015077754,1.1224584985412869,-0.0462929569264913
Sports,2d-1w,7,Single,1,188753,94333,94420,1.0780933766837375,-0.0601968167179443,0.0057192054062986,50.99152331353674,45.0,1.12591542401179,0.0092689131455608,-0.1055020364034713,-0.0239661528137206,1.0057161479401586,0.0723772287435788
Sports,2d-1w,7,Small,2,538069,247065,291004,1.0084481773690277,-0.0749610716592177,0.001350089942132,47.11297079125117,44.0,1.12591542401179,0.0092689131455608,-0.1055020364034713,-0.0307538886789691,0.9989284120749102,0.0095197652941172
Sports,2d-1w,7,Medium,3,888875,354522,534353,0.9904833318924496,-0.1176770133266336,0.0003624689827539,40.99931865864812,44.0,1.12591542401179,0.0092689131455608,-0.1055020364034713,0.0070120264149357,1.036694327168815,-0.0462109952763654
Sports,2d-1w,7,Large,4,427700,151781,275919,1.041704317070303,-0.0796881778376873,0.0001081378611507,37.51269002715145,43.0,1.12591542401179,0.0092689131455608,-0.1055020364034713,0.047708015077754,1.0773903158316334,-0.0356859987613302
Sports,1w-1mo,8,Single,1,56265,24267,31998,1.1622233805424238,0.0195629125269019,0.0107697494769734,43.39056251666222,41.0,1.215470574576363,0.0092689131455608,-0.0651176747619506,-0.0239661528137206,1.1356556601462524,0.0265677203961713
Sports,1w-1mo,8,Small,2,162565,65734,96831,1.0659930564308082,-0.0038551714699428,0.0025198011071722,40.98256523737314,41.0,1.215470574576363,0.0092689131455608,-0.0651176747619506,-0.0307538886789691,1.128867924281004,-0.0628748678501958
Sports,1w-1mo,8,Medium,3,281501,102290,179211,1.1633997209944926,0.0099198721882268,0.0007107069730999,36.58115826313635,41.0,1.215470574576363,0.0092689131455608,-0.0651176747619506,0.0070120264149357,1.1666338393749087,-0.003234118380416
Sports,1w-1mo,8,Large,4,168171,57683,110488,1.246871093872168,0.0353640595350511,0.0001994648663656,36.71740413517215,39.0,1.215470574576363,0.0092689131455608,-0.0651176747619506,0.047708015077754,1.2073298280377271,0.0395412658344407
Sports,1mo+,9,Single,1,22518,6408,16110,1.1697298120216142,0.3048988512283248,0.0182867544257877,26.124700239808156,35.0,1.318694496565101,0.0092689131455608,0.0892924428125518,-0.0239661528137206,1.393289699709493,-0.2235598876878788
Sports,1mo+,9,Small,2,64194,21059,43135,1.2018183471398758,0.4328791976740436,0.0045082499559665,28.423009323447,37.0,1.318694496565101,0.0092689131455608,0.0892924428125518,-0.0307538886789691,1.3865019638442446,-0.1846836167043688
Sports,1mo+,9,Medium,3,117593,33767,83826,1.534669746355818,0.8555248157964372,0.001395494867573,23.065643781526152,36.0,1.318694496565101,0.0092689131455608,0.0892924428125518,0.0070120264149357,1.424267878938149,0.1104018674176685
Sports,1mo+,9,Large,4,76338,17799,58539,1.7628055045755469,1.017124448808694,0.0004483954745588,19.982951482341683,35.0,1.318694496565101,0.0092689131455608,0.0892924428125518,0.047708015077754,1.4649638676009678,0.2978416369745791
Weather,0-1h,1,Single,1,472,221,251,0.990955866789288,-0.0724833483726706,0.083773230132571,47.85381355932204,45.0,0.9873524512632972,-0.0898158865006376,-0.0402112157998234,-0.0073572168020945,0.8499681321607414,0.1409877346285466
Weather,0-1h,1,Small,2,1808,883,925,0.9883476265674408,0.3020791918253735,0.020287668323672,44.813616268788685,44.0,0.9873524512632972,-0.0898158865006376,-0.0402112157998234,0.006153540865543,0.863478889828379,0.1248687367390619
Weather,0-1h,1,Medium,3,2933,1328,1605,0.7856625056141351,-0.1175406812923095,0.0047121471614793,45.409676150517896,44.0,0.9873524512632972,-0.0898158865006376,-0.0402112157998234,-0.0061038730530076,0.8512214759098282,-0.0655589702956931
Weather,0-1h,1,Large,4,1099,512,587,0.6643353968804797,-0.1955444609416265,0.0020619900226406,46.64591773521082,47.5,0.9873524512632972,-0.0898158865006376,-0.0402112157998234,0.0073075489895592,0.8646328979523952,-0.2002975010719154
Weather,1-3h,2,Single,1,1781,798,983,0.9244535893705174,-0.0792916073084228,0.0442068634040994,45.93093767546322,46.0,0.9607234496134276,-0.0898158865006376,-0.0434021272109938,-0.0073572168020945,0.8201482190997015,0.1043053702708158
Weather,1-3h,2,Small,2,5952,2674,3278,0.7090332152545433,-0.1164508838288654,0.0100576152732475,46.02950690335306,47.0,0.9607234496134276,-0.0898158865006376,-0.0434021272109938,0.006153540865543,0.833658976767339,-0.1246257615127957
Weather,1-3h,2,Medium,3,9781,4473,5308,0.827731572072689,-0.0236673516335132,0.0028224393731483,45.78460674507846,47.0,0.9607234496134276,-0.0898158865006376,-0.0434021272109938,-0.0061038730530076,0.8214015628487883,0.0063300092239007
Weather,1-3h,2,Large,4,3051,1382,1669,0.8488033669094345,0.0013717632041206,0.0016049968397291,46.26996766483341,50.0,0.9607234496134276,-0.0898158865006376,-0.0434021272109938,0.0073075489895592,0.8348129848913552,0.0139903820180792
Weather,3-6h,3,Single,1,4800,2187,2613,0.7400990447965689,-0.1789686245581178,0.023388738291058,48.552708333333335,50.0,0.9692518828204472,-0.0898158865006376,-0.1239561048025099,-0.0073572168020945,0.7481226747152051,-0.0080236299186362
Weather,3-6h,3,Small,2,14178,6774,7404,0.8131119461926599,0.0213214078050886,0.0064408514484425,47.48186068532876,48.0,0.9692518828204472,-0.0898158865006376,-0.1239561048025099,0.006153540865543,0.7616334323828426,0.0514785138098172
Weather,3-6h,3,Medium,3,22938,9960,12978,0.7365552917963725,-0.1763838153137592,0.0016666816963073,45.21280437062383,49.0,0.9692518828204472,-0.0898158865006376,-0.1239561048025099,-0.0061038730530076,0.7493760184642919,-0.0128207266679194
Weather,3-6h,3,Large,4,6640,2861,3779,0.7321532832835974,-0.251984353595371,0.0009572291887404,44.18299940365621,49.0,0.9692518828204472,-0.0898158865006376,-0.1239561048025099,0.0073075489895592,0.7627874405068589,-0.0306341572232614
Weather,6-12h,4,Single,1,130048,58083,71965,0.9210146832918344,-0.044324371342489,0.0056345491889576,45.2552749753937,50.0,1.009973056225284,-0.0898158865006376,-0.0270854145322522,-0.0073572168020945,0.8857145383902995,0.0353001449015348
Weather,6-12h,4,Small,2,393822,175057,218765,0.9102633228985004,-0.0573656197004937,0.0014240563490096,45.115956723905605,51.0,1.009973056225284,-0.0898158865006376,-0.0270854145322522,0.006153540865543,0.899225296057937,0.0110380268405633
Weather,6-12h,4,Medium,3,583120,251279,331841,0.8799851137393769,-0.0792729325948733,0.0004128728240343,43.32663943622069,50.0,1.009973056225284,-0.0898158865006376,-0.0270854145322522,-0.0061038730530076,0.8869678821393863,-0.0069827684000093
Weather,6-12h,4,Large,4,117105,48552,68553,0.8610239008398647,-0.0864383123335583,0.000301824009191,41.940279044727546,49.0,1.009973056225284,-0.0898158865006376,-0.0270854145322522,0.0073075489895592,0.9003793041819532,-0.0393554033420885
Weather,12-24h,5,Single,1,189641,65199,124442,0.9912056239469248,-0.0723288136772651,0.0062972384040503,35.67698440738026,48.0,1.0033074188608255,-0.0898158865006376,0.0256866435247532,-0.0073572168020945,0.9318209590828466,0.0593846648640781
Weather,12-24h,5,Small,2,496826,167169,329657,0.9351409724014405,-0.1001851193078604,0.0016041933143647,34.992940484028274,49.0,1.0033074188608255,-0.0898158865006376,0.0256866435247532,0.006153540865543,0.945331716750484,-0.0101907443490437
Weather,12-24h,5,Medium,3,664302,216917,447385,0.9061469175100968,-0.1064776031023117,0.0004955178723652,32.978152215754214,50.0,1.0033074188608255,-0.0898158865006376,0.0256866435247532,-0.0061038730530076,0.9330743028319336,-0.0269273853218366
Weather,12-24h,5,Large,4,102362,29990,72372,0.9242191896813028,-0.0474561855770095,0.0004762453040973,29.07001157555525,48.0,1.0033074188608255,-0.0898158865006376,0.0256866435247532,0.0073075489895592,0.9464857248745004,-0.0222665351931975
Weather,24-48h,6,Single,1,111403,33942,77461,1.066903099522286,0.0161397677930666,0.0099103388347582,31.00744145130741,46.0,1.0393367311582364,-0.0898158865006376,0.0581827574953538,-0.0073572168020945,1.000346385350858,0.066556714171428
Weather,24-48h,6,Small,2,266657,80119,186538,1.018936163156331,-0.0172192099177071,0.0025670482271541,30.61039570368589,47.0,1.0393367311582364,-0.0898158865006376,0.0581827574953538,0.006153540865543,1.0138571430184955,0.0050790201378352
Weather,24-48h,6,Medium,3,445711,138919,306792,0.9785899321172588,0.0066577871798984,0.0006984484400286,30.562684994000737,49.0,1.0393367311582364,-0.0898158865006376,0.0581827574953538,-0.0061038730530076,1.001599729099945,-0.0230097969826862
Weather,24-48h,6,Large,4,66583,18939,47644,0.9663852138159346,0.0330956139722192,0.0007605376413559,27.12441599664164,45.0,1.0393367311582364,-0.0898158865006376,0.0581827574953538,0.0073075489895592,1.015011151142512,-0.0486259373265773
Weather,2d-1w,7,Single,1,2733,1274,1459,1.151502897291612,0.2798394144251566,0.0446567943768781,42.6443468715697,45.0,1.12591542401179,-0.0898158865006376,0.1746196866239177,-0.0073572168020945,1.2033620073329756,-0.0518591100413634
Weather,2d-1w,7,Small,2,9685,4833,4852,1.2710807511332298,0.4484366590178791,0.0107444252117607,44.59878105088189,46.0,1.12591542401179,-0.0898158865006376,0.1746196866239177,0.006153540865543,1.2168727650006133,0.0542079861326165
Weather,2d-1w,7,Medium,3,14751,7572,7179,1.1769032627898746,0.5446803987867537,0.002980429388049,43.85403246099648,47.0,1.12591542401179,-0.0898158865006376,0.1746196866239177,-0.0061038730530076,1.2046153510820623,-0.0277120882921879
Weather,2d-1w,7,Large,4,4478,1713,2765,1.2433899853255632,-0.3349754638193482,0.0018133958306548,42.41780744385616,48.0,1.12591542401179,-0.0898158865006376,0.1746196866239177,0.0073075489895592,1.2180267731246297,0.0253632122009337
Weather,1w-1mo,8,Single,1,9481,3693,5788,0.8096607535338759,-0.3650901102548413,0.0200746797731392,45.43138909397743,50.0,1.215470574576363,-0.0898158865006376,-0.11332946474773,-0.0073572168020945,1.0049680065259008,-0.1953072529920249
Weather,1w-1mo,8,Small,2,26958,10831,16127,0.8862618839006209,-0.1964944622816827,0.0053714111175801,46.57131569706192,49.0,1.215470574576363,-0.0898158865006376,-0.11332946474773,0.006153540865543,1.0184787641935384,-0.1322168802929175
Weather,1w-1mo,8,Medium,3,32972,14581,18391,1.0714984725872427,-0.2113352602605035,0.0018753244263247,47.255173734644295,50.0,1.215470574576363,-0.0898158865006376,-0.11332946474773,-0.0061038730530076,1.0062213502749875,0.065277122312255
Weather,1w-1mo,8,Large,4,9327,4165,5162,1.2818797832902415,-0.2532832608079675,0.0014693530970562,47.88264432374633,49.0,1.215470574576363,-0.0898158865006376,-0.11332946474773,0.0073075489895592,1.019632772317555,0.2622470109726869
Weather,1mo+,9,Single,1,2410,407,2003,1.1596719968272742,-1.1322443999929763,0.0610329873333778,33.6207468879668,45.0,1.318694496565101,-0.0898158865006376,0.0894952394492848,-0.0073572168020945,1.311016632711654,-0.1513446358843797
Weather,1mo+,9,Small,2,6761,1239,5522,1.3448884928741538,-1.0167902761874896,0.015751736078813,34.811976080605085,46.0,1.318694496565101,-0.0898158865006376,0.0894952394492848,0.006153540865543,1.3245273903792916,0.0203611024948622
Weather,1mo+,9,Medium,3,9457,2190,7267,1.4036745808849174,-0.7071427254664004,0.0048766961320838,35.84997784788884,48.0,1.318694496565101,-0.0898158865006376,0.0894952394492848,-0.0061038730530076,1.3122699764607408,0.0914046044241765
Weather,1mo+,9,Large,4,2755,661,2094,1.3652603274686477,-0.8742454599964821,0.0030923187597613,34.85978859499048,48.0,1.318694496565101,-0.0898158865006376,0.0894952394492848,0.0073075489895592,1.3256813985033078,0.0395789289653398
